{"_class":"document","do_objectID":"6D0354D6-87E0-4173-BF76-7FDC54CB2AA5","assets":{"_class":"assetCollection","colors":[],"gradients":[],"imageCollection":{"_class":"imageCollection","images":{}},"images":[]},"colorSpace":0,"currentPageIndex":1,"foreignLayerStyles":[],"foreignSymbols":[],"foreignTextStyles":[],"layerStyles":{"_class":"sharedStyleContainer","objects":[]},"layerSymbols":{"_class":"symbolContainer","objects":[]},"layerTextStyles":{"_class":"sharedTextStyleContainer","objects":[{"_class":"sharedStyle","do_objectID":"79A6E639-44D5-4CF6-844F-F7FAFE3FD194","name":"H100","value":{"_class":"style","endMarkerType":0,"miterLimit":10,"sharedObjectID":"79A6E639-44D5-4CF6-844F-F7FAFE3FD194","startMarkerType":0,"textStyle":{"_class":"textStyle","encodedAttributes":{"MSAttributedStringFontAttribute":{"_class":"fontDescriptor","attributes":{"name":"AvenirNext-Bold","size":11}},"paragraphStyle":{"_class":"paragraphStyle","maximumLineHeight":12,"minimumLineHeight":12},"MSAttributedStringColorAttribute":{"_class":"color","alpha":1,"blue":0.55,"green":0.4664,"red":0.418},"MSAttributedStringTextTransformAttribute":1,"kerning":0},"verticalAlignment":0},"windingRule":1}},{"_class":"sharedStyle","do_objectID":"1EB6B38D-D0F0-40AE-84DF-BCB108C0DC7B","name":"H200","value":{"_class":"style","endMarkerType":0,"miterLimit":10,"sharedObjectID":"1EB6B38D-D0F0-40AE-84DF-BCB108C0DC7B","startMarkerType":0,"textStyle":{"_class":"textStyle","encodedAttributes":{"MSAttributedStringFontAttribute":{"_class":"fontDescriptor","attributes":{"name":"AvenirNext-DemiBold","size":12}},"paragraphStyle":{"_class":"paragraphStyle","alignment":0,"maximumLineHeight":16,"minimumLineHeight":16,"allowsDefaultTighteningForTruncation":0},"MSAttributedStringColorAttribute":{"_class":"color","alpha":1,"blue":0.55,"green":0.4664,"red":0.418},"kerning":0},"verticalAlignment":0},"windingRule":1}}]},"pages":[{"_class":"MSJSONFileReference","_ref_class":"MSImmutablePage","_ref":"pages\/52F98EBE-FCC8-48D6-8D56-99AC7BAB8F86"},{"_class":"MSJSONFileReference","_ref_class":"MSImmutablePage","_ref":"pages\/204F506B-31BC-4F53-8847-10800DEE6B51"}],"userInfo":{"com.invisionlabs.sync":{"metadata":"{\"hasSynced\":0,\"hasProjectIdChanged\":0,\"projectId\":0,\"publicLink\":\"\",\"resolution\":2,\"syncAll\":1}"}}}